Litvin,BNS,OG,UNI
1,1.1,1.1.1,1
2,1.2,1.2.2,2
3,1.3,1.3.3,3
4,2.4,2.1.4,4
5,2.5,2.2.5,5
6,2.6,2.3.6,6
7,2.7,2.4.7,7
8,3.1,3.1.8,8
9,3.2,3.2.9,9
10,3.3,3.3.10,10
11,3.4,3.4.11,11
12,3.5,3.5.12,12
23,3.6,5.5.23,13
15,4.7,4.1.15,14
16,4.8,4.2.16,15
17,4.9,4.3.17,16
18,4.10,4.4.18,17
14,4.11,3.7.14,18
24,4.12,5.6.24,19
19,5.13,5.1.19,20
20,5.14,5.2.20,21
21,5.15,5.3.21,22
22,5.16,5.4.22,23
13,5.17,3.6.13,24
25,6.18,6.1.25,25
26,6.19,6.2.26,26
27,6.20,6.3.27,27
28,6.21,6.4.28,28
29,6.22,6.5.29,29
42,6.23,8.5.42,30
32,7.24,7.1.32,31
33,7.25,7.2.33,32
34,7.26,7.3.34,33
35,7.27,7.4.35,34
31,7.28,6.7.31,35
36,7.29,7.5.36,36
48,7.30,9.4.48,37
44,7.31,8.7.44,38
38,8.32,8.1.38,39
39,8.33,8.2.39,40
40,8.34,8.3.40,41
41,8.35,8.4.41,42
30,8.36,6.6.30,43
45,9.37,9.1.45,44
46,9.38,9.2.46,45
47,9.39,9.3.47,46
43,9.40,8.6.43,47
37,9.41,7.6.37,48
49,10.42,10.1.49,49
50,10.43,10.2.50,50
51,10.44,10.3.51,51
52,10.45,10.4.52,52
53,10.46,10.5.53,53
54,10.47,10.6.54,54
55,10.48,10.7.55,55
72,10.49,12.7.72,56
59,11.50,11.1.59,57
60,11.51,11.2.60,58
61,11.52,11.3.61,59
62,11.53,11.4.62,60
63,11.54,11.5.63,61
64,11.55,11.6.64,62
57,11.56,10.9.57,63
74,11.57,12.9.74,64
66,12.58,12.1.66,65
67,12.59,12.2.67,66
68,12.60,12.3.68,67
69,12.61,12.4.69,68
70,12.62,12.5.70,69
71,12.63,12.6.71,70
56,12.64,10.8.56,71
77,13.65,13.1.77,72
78,13.66,13.2.78,73
79,13.67,13.3.79,74
80,13.68,13.4.80,75
81,13.69,13.5.81,76
82,13.70,13.6.82,77
83,13.71,13.7.83,78
58,13.72,10.10.58,79
75,13.73,12.10.75,80
97,13.74,15.6.97,81
86,14.75,14.1.86,82
87,14.76,14.2.87,83
88,14.77,14.3.88,84
89,14.78,14.4.89,85
90,14.79,14.5.90,86
91,14.80,14.6.91,87
85,14.81,13.9.85,88
65,14.82,11.7.65,89
76,14.83,12.11.76,90
98,14.84,15.7.98,91
92,15.85,15.1.92,92
93,15.86,15.2.93,93
94,15.87,15.3.94,94
95,15.88,15.4.95,95
96,15.89,15.5.96,96
73,15.90,12.8.73,97
84,15.91,13.8.84,98
99,16.1,16.1.99,99
100,16.2,16.2.100,100
101,16.3,16.3.101,101
102,16.4,16.4.102,102
134,16.5,21.6.134,103
148,16.6,23.4.148,104
106,17.7,17.1.106,105
107,17.8,17.2.107,106
108,17.9,17.3.108,107
109,17.10,17.4.109,108
110,17.11,17.5.110,109
105,17.12,16.7.105,110
138,17.13,21.10.138,111
126,17.14,20.5.126,112
154,17.15,24.5.154,113
113,18.16,18.1.113,114
114,18.17,18.2.114,115
115,18.18,18.3.115,116
116,18.19,18.4.116,117
112,18.20,17.7.112,118
117,18.21,18.5.117,119
128,18.22,20.7.128,120
137,18.23,21.9.137,121
149,18.24,23.5.149,122
119,19.25,19.1.119,123
120,19.26,19.2.120,124
121,19.27,19.3.121,125
118,19.28,18.6.118,126
127,19.29,20.6.127,127
153,19.30,24.4.153,128
122,20.31,20.1.122,129
123,20.32,20.2.123,130
124,20.33,20.3.124,131
125,20.34,20.4.125,132
136,20.35,21.8.136,133
111,20.36,17.6.111,134
144,20.37,22.5.144,135
129,21.38,21.1.129,136
130,21.39,21.2.130,137
131,21.40,21.3.131,138
132,21.41,21.4.132,139
133,21.42,21.5.133,140
103,21.43,16.5.103,141
143,21.44,22.4.143,142
140,22.45,22.1.140,143
141,22.46,22.2.141,144
142,22.47,22.3.142,145
104,22.48,16.6.104,146
145,23.49,23.1.145,147
146,23.50,23.2.146,148
147,23.51,23.3.147,149
135,23.52,21.7.135,150
150,24.53,24.1.150,151
151,24.54,24.2.151,152
152,24.55,24.3.152,153
139,24.56,21.11.139,154
155,25.57,25.1.155,155
156,25.58,25.2.156,156
157,25.59,25.3.157,157
158,25.60,25.4.158,158
159,25.61,25.5.159,159
160,25.62,25.6.160,160
241,25.63,35.6.241,161
271,25.64,38.7.271,162
328,25.65,44.5.328,163
168,26.66,26.1.168,164
169,26.67,26.2.169,165
170,26.68,26.3.170,166
171,26.69,26.4.171,167
172,26.70,26.5.172,168
173,26.71,26.6.173,169
174,26.72,26.7.174,170
164,26.73,25.10.164,171
275,26.74,38.11.275,172
287,26.75,39.10.287,173
254,26.76,36.6.254,174
345,26.77,46.8.345,175
178,27.78,27.1.178,176
179,27.79,27.2.179,177
180,27.80,27.3.180,178
181,27.81,27.4.181,179
165,27.82,25.11.165,180
182,27.83,27.5.182,181
262,27.84,37.5.262,182
289,27.85,39.12.289,183
335,27.86,45.5.335,184
185,28.87,28.1.185,185
186,28.88,28.2.186,186
187,28.89,28.3.187,187
188,28.90,28.4.188,188
189,28.91,28.5.189,189
166,28.92,25.12.166,190
190,28.93,28.6.190,191
191,28.94,28.7.191,192
296,28.95,40.6.296,193
284,28.96,39.7.284,194
245,28.97,35.10.245,195
343,28.98,46.6.343,196
198,29.99,29.1.198,197
199,29.100,29.2.199,198
200,29.101,29.3.200,199
201,29.102,29.4.201,200
202,29.103,29.5.202,201
177,29.104,26.10.177,202
203,29.105,29.6.203,203
194,29.106,28.10.194,204
306,29.107,41.7.306,205
288,29.108,39.11.288,206
255,29.109,36.7.255,207
336,29.110,45.6.336,208
205,30.111,30.1.205,209
206,30.112,30.2.206,210
207,30.113,30.3.207,211
208,30.114,30.4.208,212
209,30.115,30.5.209,213
210,30.116,30.6.210,214
184,30.117,27.7.184,215
196,30.118,28.12.196,216
276,30.119,38.12.276,217
308,30.120,41.9.308,218
263,30.121,37.6.263,219
346,30.122,46.9.346,220
212,31.123,31.1.212,221
213,31.124,31.2.213,222
214,31.125,31.3.214,223
215,31.126,31.4.215,224
216,31.127,31.5.216,225
176,31.128,26.9.176,226
217,31.129,31.6.217,227
195,31.130,28.11.195,228
298,31.131,40.8.298,229
274,31.132,38.10.274,230
256,31.133,36.8.256,231
329,31.134,44.6.329,232
219,32.135,32.1.219,233
220,32.136,32.2.220,234
221,32.137,32.3.221,235
222,32.138,32.4.222,236
223,32.139,32.5.223,237
193,32.140,28.9.193,238
246,32.141,35.11.246,239
305,32.142,41.6.305,240
337,32.143,45.7.337,241
226,33.144,33.1.226,242
227,33.145,33.2.227,243
228,33.146,33.3.228,244
229,33.147,33.4.229,245
230,33.148,33.5.230,246
218,33.149,31.7.218,247
204,33.150,29.7.204,248
224,33.151,32.6.224,249
297,33.152,40.7.297,250
307,33.153,41.8.307,251
257,33.154,36.9.257,252
344,33.155,46.7.344,253
231,34.156,34.1.231,254
232,34.157,34.2.232,255
233,34.158,34.3.233,256
234,34.159,34.4.234,257
211,34.160,30.7.211,258
225,34.161,32.7.225,259
299,34.162,40.9.299,260
264,34.163,37.7.264,261
330,34.164,44.7.330,262
236,35.165,35.1.236,263
237,35.166,35.2.237,264
238,35.167,35.3.238,265
239,35.168,35.4.239,266
240,35.169,35.5.240,267
161,35.170,25.7.161,268
313,35.171,42.5.313,269
249,36.172,36.1.249,270
250,36.173,36.2.250,271
251,36.174,36.3.251,272
252,36.175,36.4.252,273
253,36.176,36.5.253,274
243,36.177,35.8.243,275
175,36.178,26.8.175,276
315,36.179,42.7.315,277
258,37.180,37.1.258,278
259,37.181,37.2.259,279
260,37.182,37.3.260,280
261,37.183,37.4.261,281
244,37.184,35.9.244,282
183,37.185,27.6.183,283
316,37.186,42.8.316,284
265,38.187,38.1.265,285
266,38.188,38.2.266,286
267,38.189,38.3.267,287
268,38.190,38.4.268,288
269,38.191,38.5.269,289
270,38.192,38.6.270,290
162,38.193,25.8.162,291
314,38.194,42.6.314,292
278,39.195,39.1.278,293
279,39.196,39.2.279,294
280,39.197,39.3.280,295
281,39.198,39.4.281,296
282,39.199,39.5.282,297
283,39.200,39.6.283,298
167,39.201,25.13.167,299
317,39.202,42.9.317,300
291,40.203,40.1.291,301
292,40.204,40.2.292,302
293,40.205,40.3.293,303
294,40.206,40.4.294,304
295,40.207,40.5.295,305
273,40.208,38.9.273,306
192,40.209,28.8.192,307
318,40.210,42.10.318,308
300,41.211,41.1.300,309
301,41.212,41.2.301,310
302,41.213,41.3.302,311
303,41.214,41.4.303,312
304,41.215,41.5.304,313
286,41.216,39.9.286,314
197,41.217,28.13.197,315
319,41.218,42.11.319,316
309,42.219,42.1.309,317
310,42.220,42.2.310,318
311,42.221,42.3.311,319
312,42.222,42.4.312,320
163,42.223,25.9.163,321
320,43.224,43.1.320,322
321,43.225,43.2.321,323
322,43.226,43.3.322,324
323,43.227,43.4.323,325
235,43.228,34.5.235,326
324,44.229,44.1.324,327
325,44.230,44.2.325,328
326,44.231,44.3.326,329
327,44.232,44.4.327,330
242,44.233,35.7.242,331
272,44.234,38.8.272,332
331,45.235,45.1.331,333
332,45.236,45.2.332,334
333,45.237,45.3.333,335
334,45.238,45.4.334,336
248,45.239,35.13.248,337
290,45.240,39.13.290,338
338,46.241,46.1.338,339
339,46.242,46.2.339,340
340,46.243,46.3.340,341
341,46.244,46.4.341,342
342,46.245,46.5.342,343
247,46.246,35.12.247,344
277,46.247,38.13.277,345
285,46.248,39.8.285,346
347,47.249,47.1.347,347
348,47.250,47.2.348,348
349,47.251,47.3.349,349
350,47.252,47.4.350,350
351,47.253,47.5.351,351
352,47.254,47.6.352,352
553,47.255,65.9.553,353
626,47.256,71.6.626,354
358,48.257,48.1.358,355
359,48.258,48.2.359,356
360,48.259,48.3.360,357
361,48.260,48.4.361,358
362,48.261,48.5.362,359
386,48.262,50.10.386,360
576,48.263,66.13.576,361
629,48.264,71.9.629,362
364,49.265,49.1.364,363
365,49.266,49.2.365,364
366,49.267,49.3.366,365
367,49.268,49.4.367,366
368,49.269,49.5.368,367
369,49.270,49.6.369,368
370,49.271,49.7.370,369
371,49.272,49.8.371,370
356,49.273,47.10.356,371
585,49.274,67.9.585,372
571,49.275,66.8.571,373
637,49.276,72.8.637,374
377,50.277,50.1.377,375
378,50.278,50.2.378,376
379,50.279,50.3.379,377
380,50.280,50.4.380,378
381,50.281,50.5.381,379
382,50.282,50.6.382,380
383,50.283,50.7.383,381
375,50.284,49.12.375,382
384,50.285,50.8.384,383
601,50.286,68.8.601,384
561,50.287,65.17.561,385
642,50.288,72.13.642,386
387,51.289,51.1.387,387
388,51.290,51.2.388,388
389,51.291,51.3.389,389
390,51.292,51.4.390,390
391,51.293,51.5.391,391
392,51.294,51.6.392,392
393,51.295,51.7.393,393
394,51.296,51.8.394,394
395,51.297,51.9.395,395
355,51.298,47.9.355,396
396,51.299,51.10.396,397
397,51.300,51.11.397,398
520,51.301,63.10.520,399
557,51.302,65.13.557,400
590,51.303,67.14.590,401
657,51.304,74.8.657,402
406,52.305,52.1.406,403
407,52.306,52.2.407,404
408,52.307,52.3.408,405
409,52.308,52.4.409,406
410,52.309,52.5.410,407
411,52.310,52.6.411,408
412,52.311,52.7.412,409
413,52.312,52.8.413,410
414,52.313,52.9.414,411
427,52.314,53.13.427,412
385,52.315,50.9.385,413
440,52.316,54.13.440,414
575,52.317,66.12.575,415
527,52.318,63.17.527,416
604,52.319,68.11.604,417
658,52.320,74.9.658,418
415,53.321,53.1.415,419
416,53.322,53.2.416,420
417,53.323,53.3.417,421
418,53.324,53.4.418,422
419,53.325,53.5.419,423
420,53.326,53.6.420,424
421,53.327,53.7.421,425
422,53.328,53.8.422,426
423,53.329,53.9.423,427
401,53.330,51.15.401,428
424,53.331,53.10.424,429
374,53.332,49.11.374,430
572,53.333,66.9.572,431
560,53.334,65.16.560,432
542,53.335,64.15.542,433
659,53.336,74.10.659,434
428,54.337,54.1.428,435
429,54.338,54.2.429,436
430,54.339,54.3.430,437
431,54.340,54.4.431,438
432,54.341,54.5.432,439
433,54.342,54.6.433,440
434,54.343,54.7.434,441
435,54.344,54.8.435,442
436,54.345,54.9.436,443
373,54.346,49.10.373,444
437,54.347,54.10.437,445
404,54.348,51.18.404,446
538,54.349,64.11.538,447
589,54.350,67.13.589,448
602,54.351,68.9.602,449
649,54.352,73.7.649,450
441,55.353,55.1.441,451
442,55.354,55.2.442,452
443,55.355,55.3.443,453
444,55.356,55.4.444,454
445,55.357,55.5.445,455
446,55.358,55.6.446,456
447,55.359,55.7.447,457
402,55.360,51.16.402,458
448,55.361,55.8.448,459
537,55.362,64.10.537,460
559,55.363,65.15.559,461
640,55.364,72.11.640,462
451,56.365,56.1.451,463
452,56.366,56.2.452,464
453,56.367,56.3.453,465
454,56.368,56.4.454,466
455,56.369,56.5.455,467
456,56.370,56.6.456,468
457,56.371,56.7.457,469
439,56.372,54.12.439,470
487,56.373,59.10.487,471
541,56.374,64.14.541,472
573,56.375,66.10.573,473
639,56.376,72.10.639,474
458,57.377,57.1.458,475
459,57.378,57.2.459,476
460,57.379,57.3.460,477
461,57.380,57.4.461,478
462,57.381,57.5.462,479
463,57.382,57.6.463,480
464,57.383,57.7.464,481
465,57.384,57.8.465,482
466,57.385,57.9.466,483
467,57.386,57.10.467,484
403,57.387,51.17.403,485
399,57.388,51.13.399,486
591,57.389,67.15.591,487
540,57.390,64.13.540,488
521,57.391,63.11.521,489
638,57.392,72.9.638,490
471,58.393,58.1.471,491
472,58.394,58.2.472,492
473,58.395,58.3.473,493
474,58.396,58.4.474,494
475,58.397,58.5.475,495
476,58.398,58.6.476,496
477,58.399,58.7.477,497
426,58.400,53.12.426,498
450,58.401,55.10.450,499
525,58.402,63.15.525,500
574,58.403,66.11.574,501
628,58.404,71.8.628,502
478,59.405,59.1.478,503
479,59.406,59.2.479,504
480,59.407,59.3.480,505
481,59.408,59.4.481,506
482,59.409,59.5.482,507
483,59.410,59.6.483,508
484,59.411,59.7.484,509
400,59.412,51.14.400,510
485,59.413,59.8.485,511
522,59.414,63.12.522,512
558,59.415,65.14.558,513
627,59.416,71.7.627,514
488,60.417,60.1.488,515
489,60.418,60.2.489,516
490,60.419,60.3.490,517
491,60.420,60.4.491,518
492,60.421,60.5.492,519
493,60.422,60.6.493,520
494,60.423,60.7.494,521
495,60.424,60.8.495,522
496,60.425,60.9.496,523
438,60.426,54.11.438,524
470,60.427,57.13.470,525
425,60.428,53.11.425,526
544,60.429,64.17.544,527
603,60.430,68.10.603,528
526,60.431,63.16.526,529
641,60.432,72.12.641,530
497,61.433,61.1.497,531
498,61.434,61.2.498,532
499,61.435,61.3.499,533
500,61.436,61.4.500,534
501,61.437,61.5.501,535
469,61.438,57.12.469,536
543,61.439,64.16.543,537
648,61.440,73.6.648,538
502,62.441,62.1.502,539
503,62.442,62.2.503,540
504,62.443,62.3.504,541
505,62.444,62.4.505,542
506,62.445,62.5.506,543
507,62.446,62.6.507,544
508,62.447,62.7.508,545
509,62.448,62.8.509,546
510,62.449,62.9.510,547
486,62.450,59.9.486,548
449,62.451,55.9.449,549
468,62.452,57.11.468,550
523,62.453,63.13.523,551
524,62.454,63.14.524,552
539,62.455,64.12.539,553
660,62.456,74.11.660,554
511,63.457,63.1.511,555
512,63.458,63.2.512,556
513,63.459,63.3.513,557
514,63.460,63.4.514,558
515,63.461,63.5.515,559
516,63.462,63.6.516,560
517,63.463,63.7.517,561
518,63.464,63.8.518,562
519,63.465,63.9.519,563
556,63.466,65.12.556,564
398,63.467,51.12.398,565
611,63.468,69.7.611,566
528,64.469,64.1.528,567
529,64.470,64.2.529,568
530,64.471,64.3.530,569
531,64.472,64.4.531,570
532,64.473,64.5.532,571
533,64.474,64.6.533,572
534,64.475,64.7.534,573
535,64.476,64.8.535,574
536,64.477,64.9.536,575
587,64.478,67.11.587,576
405,64.479,51.19.405,577
614,64.480,69.10.614,578
545,65.481,65.1.545,579
546,65.482,65.2.546,580
547,65.483,65.3.547,581
548,65.484,65.4.548,582
549,65.485,65.5.549,583
550,65.486,65.6.550,584
551,65.487,65.7.551,585
552,65.488,65.8.552,586
353,65.489,47.7.353,587
610,65.490,69.6.610,588
564,66.491,66.1.564,589
565,66.492,66.2.565,590
566,66.493,66.3.566,591
567,66.494,66.4.567,592
568,66.495,66.5.568,593
569,66.496,66.6.569,594
570,66.497,66.7.570,595
555,66.498,65.11.555,596
372,66.499,49.9.372,597
613,66.500,69.9.613,598
577,67.501,67.1.577,599
578,67.502,67.2.578,600
579,67.503,67.3.579,601
580,67.504,67.4.580,602
581,67.505,67.5.581,603
582,67.506,67.6.582,604
583,67.507,67.7.583,605
584,67.508,67.8.584,606
357,67.509,47.11.357,607
612,67.510,69.8.612,608
594,68.511,68.1.594,609
595,68.512,68.2.595,610
596,68.513,68.3.596,611
597,68.514,68.4.597,612
598,68.515,68.5.598,613
599,68.516,68.6.599,614
600,68.517,68.7.600,615
588,68.518,67.12.588,616
376,68.519,49.13.376,617
615,68.520,69.11.615,618
605,69.521,69.1.605,619
606,69.522,69.2.606,620
607,69.523,69.3.607,621
608,69.524,69.4.608,622
609,69.525,69.5.609,623
354,69.526,47.8.354,624
616,70.527,70.1.616,625
617,70.528,70.2.617,626
618,70.529,70.3.618,627
619,70.530,70.4.619,628
620,70.531,70.5.620,629
363,70.532,48.6.363,630
621,71.533,71.1.621,631
622,71.534,71.2.622,632
623,71.535,71.3.623,633
624,71.536,71.4.624,634
625,71.537,71.5.625,635
554,71.538,65.10.554,636
630,72.539,72.1.630,637
631,72.540,72.2.631,638
632,72.541,72.3.632,639
633,72.542,72.4.633,640
634,72.543,72.5.634,641
635,72.544,72.6.635,642
636,72.545,72.7.636,643
563,72.546,65.19.563,644
586,72.547,67.10.586,645
643,73.548,73.1.643,646
644,73.549,73.2.644,647
645,73.550,73.3.645,648
646,73.551,73.4.646,649
647,73.552,73.5.647,650
593,73.553,67.17.593,651
650,74.554,74.1.650,652
651,74.555,74.2.651,653
652,74.556,74.3.652,654
653,74.557,74.4.653,655
654,74.558,74.5.654,656
655,74.559,74.6.655,657
656,74.560,74.7.656,658
592,74.561,67.16.592,659
562,74.562,65.18.562,660
661,75.1,75.1.661,661
662,75.2,75.2.662,662
663,75.3,75.3.663,663
664,75.4,75.4.664,664
665,75.5,75.5.665,665
686,75.6,79.4.686,666
668,76.7,76.1.668,667
669,76.8,76.2.669,668
670,76.9,76.3.670,669
675,76.10,77.4.675,670
671,76.11,76.4.671,671
691,76.12,80.4.691,672
672,77.13,77.1.672,673
673,77.14,77.2.673,674
674,77.15,77.3.674,675
667,77.16,75.7.667,676
676,77.17,77.5.676,677
687,77.18,79.5.687,678
679,78.19,78.1.679,679
680,78.20,78.2.680,680
681,78.21,78.3.681,681
678,78.22,77.7.678,682
682,78.23,78.4.682,683
692,78.24,80.5.692,684
683,79.25,79.1.683,685
684,79.26,79.2.684,686
685,79.27,79.3.685,687
666,79.28,75.6.666,688
688,80.29,80.1.688,689
689,80.30,80.2.689,690
690,80.31,80.3.690,691
677,80.32,77.6.677,692
693,81.33,81.1.693,693
694,81.34,81.2.694,694
695,81.35,81.3.695,695
696,81.36,81.4.696,696
697,81.37,81.5.697,697
702,81.38,82.4.702,698
699,82.39,82.1.699,699
700,82.40,82.2.700,700
701,82.41,82.3.701,701
698,82.42,81.6.698,702
703,83.43,83.1.703,703
704,83.44,83.2.704,704
705,83.45,83.3.705,705
706,83.46,83.4.706,706
707,83.47,83.5.707,707
708,83.48,83.6.708,708
709,83.49,83.7.709,709
738,83.50,87.6.738,710
713,84.51,84.1.713,711
714,84.52,84.2.714,712
715,84.53,84.3.715,713
716,84.54,84.4.716,714
717,84.55,84.5.717,715
711,84.56,83.9.711,716
718,84.57,84.6.718,717
739,84.58,87.7.739,718
720,85.59,85.1.720,719
721,85.60,85.2.721,720
722,85.61,85.3.722,721
723,85.62,85.4.723,722
724,85.63,85.5.724,723
725,85.64,85.6.725,724
712,85.65,83.10.712,725
740,85.66,87.8.740,726
727,86.67,86.1.727,727
728,86.68,86.2.728,728
729,86.69,86.3.729,729
730,86.70,86.4.730,730
731,86.71,86.5.731,731
726,86.72,85.7.726,732
719,86.73,84.7.719,733
741,86.74,87.9.741,734
733,87.75,87.1.733,735
734,87.76,87.2.734,736
735,87.77,87.3.735,737
736,87.78,87.4.736,738
737,87.79,87.5.737,739
710,87.80,83.8.710,740
742,88.81,88.1.742,741
743,88.82,88.2.743,742
744,88.83,88.3.744,743
745,88.84,88.4.745,744
746,88.85,88.5.746,745
732,88.86,86.6.732,746
747,89.87,89.1.747,747
748,89.88,89.2.748,748
749,89.89,89.3.749,749
750,89.90,89.4.750,750
751,89.91,89.5.751,751
752,89.92,89.6.752,752
753,89.93,89.7.753,753
810,89.94,97.6.810,754
757,90.95,90.1.757,755
758,90.96,90.2.758,756
759,90.97,90.3.759,757
760,90.98,90.4.760,758
761,90.99,90.5.761,759
762,90.100,90.6.762,760
756,90.101,89.10.756,761
812,90.102,97.8.812,762
764,91.103,91.1.764,763
765,91.104,91.2.765,764
766,91.105,91.3.766,765
767,91.106,91.4.767,766
768,91.107,91.5.768,767
781,91.108,93.6.781,768
769,91.109,91.6.769,769
819,91.110,98.6.819,770
771,92.111,92.1.771,771
772,92.112,92.2.772,772
773,92.113,92.3.773,773
774,92.114,92.4.774,774
775,92.115,92.5.775,775
791,92.116,94.6.791,776
770,92.117,91.7.770,777
821,92.118,98.8.821,778
776,93.119,93.1.776,779
777,93.120,93.2.777,780
778,93.121,93.3.778,781
779,93.122,93.4.779,782
780,93.123,93.5.780,783
755,93.124,89.9.755,784
782,93.125,93.7.782,785
811,93.126,97.7.811,786
786,94.127,94.1.786,787
787,94.128,94.2.787,788
788,94.129,94.3.788,789
789,94.130,94.4.789,790
790,94.131,94.5.790,791
763,94.132,90.7.763,792
785,94.133,93.10.785,793
813,94.134,97.9.813,794
793,95.135,95.1.793,795
794,95.136,95.2.794,796
795,95.137,95.3.795,797
796,95.138,95.4.796,798
797,95.139,95.5.797,799
784,95.140,93.9.784,800
798,95.141,95.6.798,801
820,95.142,98.7.820,802
800,96.143,96.1.800,803
801,96.144,96.2.801,804
802,96.145,96.3.802,805
803,96.146,96.4.803,806
804,96.147,96.5.804,807
792,96.148,94.7.792,808
799,96.149,95.7.799,809
822,96.150,98.9.822,810
805,97.151,97.1.805,811
806,97.152,97.2.806,812
807,97.153,97.3.807,813
808,97.154,97.4.808,814
809,97.155,97.5.809,815
754,97.156,89.8.754,816
814,98.157,98.1.814,817
815,98.158,98.2.815,818
816,98.159,98.3.816,819
817,98.160,98.4.817,820
818,98.161,98.5.818,821
783,98.162,93.8.783,822
823,99.163,99.1.823,823
824,99.164,99.2.824,824
825,99.165,99.3.825,825
826,99.166,99.4.826,826
827,99.167,99.5.827,827
828,99.168,99.6.828,828
829,99.169,99.7.829,829
888,99.170,107.6.888,830
836,100.171,100.1.836,831
837,100.172,100.2.837,832
838,100.173,100.3.838,833
839,100.174,100.4.839,834
840,100.175,100.5.840,835
841,100.176,100.6.841,836
834,100.177,99.12.834,837
897,100.178,108.6.897,838
845,101.179,101.1.845,839
846,101.180,101.2.846,840
847,101.181,101.3.847,841
848,101.182,101.4.848,842
849,101.183,101.5.849,843
831,101.184,99.9.831,844
876,101.185,105.6.876,845
898,101.186,108.7.898,846
852,102.187,102.1.852,847
853,102.188,102.2.853,848
854,102.189,102.3.854,849
855,102.190,102.4.855,850
856,102.191,102.5.856,851
842,102.192,100.7.842,852
877,102.193,105.7.877,853
889,102.194,107.7.889,854
859,103.195,103.1.859,855
860,103.196,103.2.860,856
861,103.197,103.3.861,857
862,103.198,103.4.862,858
863,103.199,103.5.863,859
833,103.200,99.11.833,860
864,103.201,103.6.864,861
900,103.202,108.9.900,862
866,104.203,104.1.866,863
867,104.204,104.2.867,864
868,104.205,104.3.868,865
869,104.206,104.4.869,866
870,104.207,104.5.870,867
844,104.208,100.9.844,868
865,104.209,103.7.865,869
891,104.210,107.9.891,870
871,105.211,105.1.871,871
872,105.212,105.2.872,872
873,105.213,105.3.873,873
874,105.214,105.4.874,874
875,105.215,105.5.875,875
832,105.216,99.10.832,876
850,105.217,101.6.850,877
890,105.218,107.8.890,878
878,106.219,106.1.878,879
879,106.220,106.2.879,880
880,106.221,106.3.880,881
881,106.222,106.4.881,882
882,106.223,106.5.882,883
843,106.224,100.8.843,884
851,106.225,101.7.851,885
899,106.226,108.8.899,886
883,107.227,107.1.883,887
884,107.228,107.2.884,888
885,107.229,107.3.885,889
886,107.230,107.4.886,890
887,107.231,107.5.887,891
830,107.232,99.8.830,892
892,108.233,108.1.892,893
893,108.234,108.2.893,894
894,108.235,108.3.894,895
895,108.236,108.4.895,896
896,108.237,108.5.896,897
835,108.238,99.13.835,898
901,109.239,109.1.901,899
902,109.240,109.2.902,900
903,109.241,109.3.903,901
904,109.242,109.4.904,902
905,109.243,109.5.905,903
857,109.244,102.6.857,904
906,110.245,110.1.906,905
907,110.246,110.2.907,906
908,110.247,110.3.908,907
909,110.248,110.4.909,908
910,110.249,110.5.910,909
858,110.250,102.7.858,910
911,111.251,111.1.911,911
912,111.252,111.2.912,912
913,111.253,111.3.913,913
914,111.254,111.4.914,914
915,111.255,111.5.915,915
916,111.256,111.6.916,916
947,111.257,115.7.947,917
990,111.258,121.6.990,918
922,112.259,112.1.922,919
923,112.260,112.2.923,920
924,112.261,112.3.924,921
925,112.262,112.4.925,922
926,112.263,112.5.926,923
919,112.264,111.9.919,924
956,112.265,116.6.956,925
992,112.266,121.8.992,926
929,113.267,113.1.929,927
930,113.268,113.2.930,928
931,113.269,113.3.931,929
932,113.270,113.4.932,930
933,113.271,113.5.933,931
934,113.272,113.6.934,932
950,113.273,115.10.950,933
991,113.274,121.7.991,934
936,114.275,114.1.936,935
937,114.276,114.2.937,936
938,114.277,114.3.938,937
939,114.278,114.4.939,938
940,114.279,114.5.940,939
935,114.280,113.7.935,940
957,114.281,116.7.957,941
993,114.282,121.9.993,942
941,115.283,115.1.941,943
942,115.284,115.2.942,944
943,115.285,115.3.943,945
944,115.286,115.4.944,946
945,115.287,115.5.945,947
946,115.288,115.6.946,948
917,115.289,111.7.917,949
976,115.290,119.6.976,950
951,116.291,116.1.951,951
952,116.292,116.2.952,952
953,116.293,116.3.953,953
954,116.294,116.4.954,954
955,116.295,116.5.955,955
949,116.296,115.9.949,956
927,116.297,112.6.927,957
983,116.298,120.6.983,958
958,117.299,117.1.958,959
959,117.300,117.2.959,960
960,117.301,117.3.960,961
961,117.302,117.4.961,962
962,117.303,117.5.962,963
963,117.304,117.6.963,964
920,117.305,111.10.920,965
984,117.306,120.7.984,966
965,118.307,118.1.965,967
966,118.308,118.2.966,968
967,118.309,118.3.967,969
968,118.310,118.4.968,970
969,118.311,118.5.969,971
964,118.312,117.7.964,972
928,118.313,112.7.928,973
977,118.314,119.7.977,974
971,119.315,119.1.971,975
972,119.316,119.2.972,976
973,119.317,119.3.973,977
974,119.318,119.4.974,978
975,119.319,119.5.975,979
918,119.320,111.8.918,980
978,120.321,120.1.978,981
979,120.322,120.2.979,982
980,120.323,120.3.980,983
981,120.324,120.4.981,984
982,120.325,120.5.982,985
921,120.326,111.11.921,986
985,121.327,121.1.985,987
986,121.328,121.2.986,988
987,121.329,121.3.987,989
988,121.330,121.4.988,990
989,121.331,121.5.989,991
948,121.332,115.8.948,992
994,122.333,122.1.994,993
995,122.334,122.2.995,994
996,122.335,122.3.996,995
997,122.336,122.4.997,996
998,122.337,122.5.998,997
970,122.338,118.6.970,998
999,123.339,123.1.999,999
1000,123.340,123.2.1000,1000
1001,123.341,123.3.1001,1001
1002,123.342,123.4.1002,1002
1003,123.343,123.5.1003,1003
1004,123.344,123.6.1004,1004
1005,123.345,123.7.1005,1005
1006,123.346,123.8.1006,1006
1007,123.347,123.9.1007,1007
1008,123.348,123.10.1008,1008
1009,123.349,123.11.1009,1009
1188,123.350,139.10.1188,1010
1018,124.351,124.1.1018,1011
1019,124.352,124.2.1019,1012
1020,124.353,124.3.1020,1013
1021,124.354,124.4.1021,1014
1022,124.355,124.5.1022,1015
1023,124.356,124.6.1023,1016
1024,124.357,124.7.1024,1017
1025,124.358,124.8.1025,1018
1026,124.359,124.9.1026,1019
1013,124.360,123.15.1013,1020
1027,124.361,124.10.1027,1021
1205,124.362,140.10.1205,1022
1031,125.363,125.1.1031,1023
1032,125.364,125.2.1032,1024
1033,125.365,125.3.1033,1025
1034,125.366,125.4.1034,1026
1035,125.367,125.5.1035,1027
1036,125.368,125.6.1036,1028
1037,125.369,125.7.1037,1029
1038,125.370,125.8.1038,1030
1039,125.371,125.9.1039,1031
1040,125.372,125.10.1040,1032
1016,125.373,123.18.1016,1033
1212,125.374,140.17.1212,1034
1044,126.375,126.1.1044,1035
1045,126.376,126.2.1045,1036
1046,126.377,126.3.1046,1037
1047,126.378,126.4.1047,1038
1048,126.379,126.5.1048,1039
1049,126.380,126.6.1049,1040
1050,126.381,126.7.1050,1041
1051,126.382,126.8.1051,1042
1052,126.383,126.9.1052,1043
1043,126.384,125.13.1043,1044
1030,126.385,124.13.1030,1045
1195,126.386,139.17.1195,1046
1053,127.387,127.1.1053,1047
1054,127.388,127.2.1054,1048
1055,127.389,127.3.1055,1049
1056,127.390,127.4.1056,1050
1057,127.391,127.5.1057,1051
1058,127.392,127.6.1058,1052
1059,127.393,127.7.1059,1053
1060,127.394,127.8.1060,1054
1061,127.395,127.9.1061,1055
1062,127.396,127.10.1062,1056
1015,127.397,123.17.1015,1057
1210,127.398,140.15.1210,1058
1066,128.399,128.1.1066,1059
1067,128.400,128.2.1067,1060
1068,128.401,128.3.1068,1061
1069,128.402,128.4.1069,1062
1070,128.403,128.5.1070,1063
1071,128.404,128.6.1071,1064
1072,128.405,128.7.1072,1065
1073,128.406,128.8.1073,1066
1074,128.407,128.9.1074,1067
1065,128.408,127.13.1065,1068
1029,128.409,124.12.1029,1069
1193,128.410,139.15.1193,1070
1075,129.411,129.1.1075,1071
1076,129.412,129.2.1076,1072
1077,129.413,129.3.1077,1073
1078,129.414,129.4.1078,1074
1079,129.415,129.5.1079,1075
1080,129.416,129.6.1080,1076
1081,129.417,129.7.1081,1077
1082,129.418,129.8.1082,1078
1083,129.419,129.9.1083,1079
1084,129.420,129.10.1084,1080
1014,129.421,123.16.1014,1081
1189,129.422,139.11.1189,1082
1088,130.423,130.1.1088,1083
1089,130.424,130.2.1089,1084
1090,130.425,130.3.1090,1085
1091,130.426,130.4.1091,1086
1092,130.427,130.5.1092,1087
1093,130.428,130.6.1093,1088
1094,130.429,130.7.1094,1089
1095,130.430,130.8.1095,1090
1096,130.431,130.9.1096,1091
1087,130.432,129.13.1087,1092
1028,130.433,124.11.1028,1093
1206,130.434,140.11.1206,1094
1097,131.435,131.1.1097,1095
1098,131.436,131.2.1098,1096
1099,131.437,131.3.1099,1097
1100,131.438,131.4.1100,1098
1101,131.439,131.5.1101,1099
1102,131.440,131.6.1102,1100
1103,131.441,131.7.1103,1101
1104,131.442,131.8.1104,1102
1105,131.443,131.9.1105,1103
1012,131.444,123.14.1012,1104
1119,131.445,132.10.1119,1105
1191,131.446,139.13.1191,1106
1110,132.447,132.1.1110,1107
1111,132.448,132.2.1111,1108
1112,132.449,132.3.1112,1109
1113,132.450,132.4.1113,1110
1114,132.451,132.5.1114,1111
1115,132.452,132.6.1115,1112
1116,132.453,132.7.1116,1113
1117,132.454,132.8.1117,1114
1118,132.455,132.9.1118,1115
1011,132.456,123.13.1011,1116
1106,132.457,131.10.1106,1117
1208,132.458,140.13.1208,1118
1123,133.459,133.1.1123,1119
1124,133.460,133.2.1124,1120
1125,133.461,133.3.1125,1121
1126,133.462,133.4.1126,1122
1127,133.463,133.5.1127,1123
1128,133.464,133.6.1128,1124
1129,133.465,133.7.1129,1125
1130,133.466,133.8.1130,1126
1131,133.467,133.9.1131,1127
1042,133.468,125.12.1042,1128
1122,133.469,132.13.1122,1129
1209,133.470,140.14.1209,1130
1132,134.471,134.1.1132,1131
1133,134.472,134.2.1133,1132
1134,134.473,134.3.1134,1133
1135,134.474,134.4.1135,1134
1136,134.475,134.5.1136,1135
1137,134.476,134.6.1137,1136
1138,134.477,134.7.1138,1137
1139,134.478,134.8.1139,1138
1140,134.479,134.9.1140,1139
1041,134.480,125.11.1041,1140
1109,134.481,131.13.1109,1141
1192,134.482,139.14.1192,1142
1143,135.483,135.1.1143,1143
1144,135.484,135.2.1144,1144
1145,135.485,135.3.1145,1145
1146,135.486,135.4.1146,1146
1147,135.487,135.5.1147,1147
1148,135.488,135.6.1148,1148
1149,135.489,135.7.1149,1149
1150,135.490,135.8.1150,1150
1151,135.491,135.9.1151,1151
1064,135.492,127.12.1064,1152
1121,135.493,132.12.1121,1153
1207,135.494,140.12.1207,1154
1152,136.495,136.1.1152,1155
1153,136.496,136.2.1153,1156
1154,136.497,136.3.1154,1157
1155,136.498,136.4.1155,1158
1156,136.499,136.5.1156,1159
1157,136.500,136.6.1157,1160
1158,136.501,136.7.1158,1161
1159,136.502,136.8.1159,1162
1160,136.503,136.9.1160,1163
1063,136.504,127.11.1063,1164
1108,136.505,131.12.1108,1165
1190,136.506,139.12.1190,1166
1161,137.507,137.1.1161,1167
1162,137.508,137.2.1162,1168
1163,137.509,137.3.1163,1169
1164,137.510,137.4.1164,1170
1165,137.511,137.5.1165,1171
1166,137.512,137.6.1166,1172
1167,137.513,137.7.1167,1173
1168,137.514,137.8.1168,1174
1169,137.515,137.9.1169,1175
1086,137.516,129.12.1086,1176
1120,137.517,132.11.1120,1177
1194,137.518,139.16.1194,1178
1170,138.519,138.1.1170,1179
1171,138.520,138.2.1171,1180
1172,138.521,138.3.1172,1181
1173,138.522,138.4.1173,1182
1174,138.523,138.5.1174,1183
1175,138.524,138.6.1175,1184
1176,138.525,138.7.1176,1185
1177,138.526,138.8.1177,1186
1178,138.527,138.9.1178,1187
1085,138.528,129.11.1085,1188
1107,138.529,131.11.1107,1189
1211,138.530,140.16.1211,1190
1179,139.531,139.1.1179,1191
1180,139.532,139.2.1180,1192
1181,139.533,139.3.1181,1193
1182,139.534,139.4.1182,1194
1183,139.535,139.5.1183,1195
1184,139.536,139.6.1184,1196
1185,139.537,139.7.1185,1197
1186,139.538,139.8.1186,1198
1187,139.539,139.9.1187,1199
1010,139.540,123.12.1010,1200
1196,140.541,140.1.1196,1201
1197,140.542,140.2.1197,1202
1198,140.543,140.3.1198,1203
1199,140.544,140.4.1199,1204
1200,140.545,140.5.1200,1205
1201,140.546,140.6.1201,1206
1202,140.547,140.7.1202,1207
1203,140.548,140.8.1203,1208
1204,140.549,140.9.1204,1209
1017,140.550,123.19.1017,1210
1213,141.551,141.1.1213,1211
1214,141.552,141.2.1214,1212
1215,141.553,141.3.1215,1213
1216,141.554,141.4.1216,1214
1217,141.555,141.5.1217,1215
1218,141.556,141.6.1218,1216
1219,141.557,141.7.1219,1217
1220,141.558,141.8.1220,1218
1221,141.559,141.9.1221,1219
1141,141.560,134.10.1141,1220
1222,142.561,142.1.1222,1221
1223,142.562,142.2.1223,1222
1224,142.563,142.3.1224,1223
1225,142.564,142.4.1225,1224
1226,142.565,142.5.1226,1225
1227,142.566,142.6.1227,1226
1228,142.567,142.7.1228,1227
1229,142.568,142.8.1229,1228
1230,142.569,142.9.1230,1229
1142,142.570,134.11.1142,1230
1231,143.1,143.1.1231,1231
1232,143.2,143.2.1232,1232
1233,143.3,143.3.1233,1233
1234,144.4,144.1.1234,1234
1235,144.5,144.2.1235,1235
1239,144.6,145.3.1239,1236
1237,145.7,145.1.1237,1237
1238,145.8,145.2.1238,1238
1236,145.9,144.3.1236,1239
1240,146.10,146.1.1240,1240
1241,146.11,146.2.1241,1241
1242,146.12,146.3.1242,1242
1243,147.13,147.1.1243,1243
1244,147.14,147.2.1244,1244
1245,147.15,147.3.1245,1245
1246,147.16,147.4.1246,1246
1247,148.17,148.1.1247,1247
1248,148.18,148.2.1248,1248
1249,148.19,148.3.1249,1249
1250,148.20,148.4.1250,1250
1251,149.21,149.1.1251,1251
1252,149.22,149.2.1252,1252
1253,149.23,149.3.1253,1253
1254,149.24,149.4.1254,1254
1255,150.25,150.1.1255,1255
1256,150.26,150.2.1256,1256
1257,150.27,150.3.1257,1257
1258,150.28,150.4.1258,1258
1259,151.29,151.1.1259,1259
1260,151.30,151.2.1260,1260
1261,151.31,151.3.1261,1261
1270,151.32,153.4.1270,1262
1263,152.33,152.1.1263,1263
1264,152.34,152.2.1264,1264
1265,152.35,152.3.1265,1265
1274,152.36,154.4.1274,1266
1267,153.37,153.1.1267,1267
1268,153.38,153.2.1268,1268
1269,153.39,153.3.1269,1269
1262,153.40,151.4.1262,1270
1271,154.41,154.1.1271,1271
1272,154.42,154.2.1272,1272
1273,154.43,154.3.1273,1273
1266,154.44,152.4.1266,1274
1275,155.45,155.1.1275,1275
1276,155.46,155.2.1276,1276
1277,155.47,155.3.1277,1277
1278,155.48,155.4.1278,1278
1279,156.49,156.1.1279,1279
1280,156.50,156.2.1280,1280
1281,156.51,156.3.1281,1281
1282,156.52,156.4.1282,1282
1284,157.53,157.1.1284,1283
1285,157.54,157.2.1285,1284
1286,157.55,157.3.1286,1285
1287,157.56,157.4.1287,1286
1289,158.57,158.1.1289,1287
1290,158.58,158.2.1290,1288
1291,158.59,158.3.1291,1289
1283,158.60,156.5.1283,1290
1292,159.61,159.1.1292,1291
1293,159.62,159.2.1293,1292
1294,159.63,159.3.1294,1293
1288,159.64,157.5.1288,1294
1295,160.65,160.1.1295,1295
1296,160.66,160.2.1296,1296
1297,160.67,160.3.1297,1297
1298,160.68,160.4.1298,1298
1300,161.69,161.1.1300,1299
1301,161.70,161.2.1301,1300
1302,161.71,161.3.1302,1301
1299,161.72,160.5.1299,1302
1303,162.73,162.1.1303,1303
1304,162.74,162.2.1304,1304
1305,162.75,162.3.1305,1305
1306,162.76,162.4.1306,1306
1307,162.77,162.5.1307,1307
1308,162.78,162.6.1308,1308
1310,163.79,163.1.1310,1309
1311,163.80,163.2.1311,1310
1312,163.81,163.3.1312,1311
1313,163.82,163.4.1313,1312
1314,163.83,163.5.1314,1313
1309,163.84,162.7.1309,1314
1315,164.85,164.1.1315,1315
1316,164.86,164.2.1316,1316
1317,164.87,164.3.1317,1317
1318,164.88,164.4.1318,1318
1319,164.89,164.5.1319,1319
1320,164.90,164.6.1320,1320
1322,165.91,165.1.1322,1321
1323,165.92,165.2.1323,1322
1324,165.93,165.3.1324,1323
1325,165.94,165.4.1325,1324
1326,165.95,165.5.1326,1325
1321,165.96,164.7.1321,1326
1327,166.97,166.1.1327,1327
1328,166.98,166.2.1328,1328
1329,166.99,166.3.1329,1329
1330,166.100,166.4.1330,1330
1331,166.101,166.5.1331,1331
1332,166.102,166.6.1332,1332
1334,167.103,167.1.1334,1333
1335,167.104,167.2.1335,1334
1336,167.105,167.3.1336,1335
1337,167.106,167.4.1337,1336
1338,167.107,167.5.1338,1337
1333,167.108,166.7.1333,1338
1339,168.109,168.1.1339,1339
1340,168.110,168.2.1340,1340
1341,168.111,168.3.1341,1341
1342,168.112,168.4.1342,1342
1344,169.113,169.1.1344,1343
1345,169.114,169.2.1345,1344
1346,169.115,169.3.1346,1345
1353,169.116,171.4.1353,1346
1347,170.117,170.1.1347,1347
1348,170.118,170.2.1348,1348
1349,170.119,170.3.1349,1349
1359,170.120,172.5.1359,1350
1350,171.121,171.1.1350,1351
1351,171.122,171.2.1351,1352
1352,171.123,171.3.1352,1353
1358,171.124,172.4.1358,1354
1355,172.125,172.1.1355,1355
1356,172.126,172.2.1356,1356
1357,172.127,172.3.1357,1357
1354,172.128,171.5.1354,1358
1360,173.129,173.1.1360,1359
1361,173.130,173.2.1361,1360
1362,173.131,173.3.1362,1361
1343,173.132,168.5.1343,1362
1363,174.133,174.1.1363,1363
1364,174.134,174.2.1364,1364
1365,174.135,174.3.1365,1365
1366,174.136,174.4.1366,1366
1367,175.137,175.1.1367,1367
1368,175.138,175.2.1368,1368
1369,175.139,175.3.1369,1369
1370,175.140,175.4.1370,1370
1371,175.141,175.5.1371,1371
1372,175.142,175.6.1372,1372
1374,176.143,176.1.1374,1373
1375,176.144,176.2.1375,1374
1376,176.145,176.3.1376,1375
1377,176.146,176.4.1377,1376
1378,176.147,176.5.1378,1377
1373,176.148,175.7.1373,1378
1379,177.149,177.1.1379,1379
1380,177.150,177.2.1380,1380
1381,177.151,177.3.1381,1381
1382,177.152,177.4.1382,1382
1383,177.153,177.5.1383,1383
1384,177.154,177.6.1384,1384
1386,178.155,178.1.1386,1385
1387,178.156,178.2.1387,1386
1388,178.157,178.3.1388,1387
1389,178.158,178.4.1389,1388
1390,178.159,178.5.1390,1389
1401,178.160,180.6.1401,1390
1391,179.161,179.1.1391,1391
1392,179.162,179.2.1392,1392
1393,179.163,179.3.1393,1393
1394,179.164,179.4.1394,1394
1395,179.165,179.5.1395,1395
1409,179.166,181.7.1409,1396
1396,180.167,180.1.1396,1397
1397,180.168,180.2.1397,1398
1398,180.169,180.3.1398,1399
1399,180.170,180.4.1399,1400
1400,180.171,180.5.1400,1401
1408,180.172,181.6.1408,1402
1403,181.173,181.1.1403,1403
1404,181.174,181.2.1404,1404
1405,181.175,181.3.1405,1405
1406,181.176,181.4.1406,1406
1407,181.177,181.5.1407,1407
1402,181.178,180.7.1402,1408
1410,182.179,182.1.1410,1409
1411,182.180,182.2.1411,1410
1412,182.181,182.3.1412,1411
1413,182.182,182.4.1413,1412
1414,182.183,182.5.1414,1413
1385,182.184,177.7.1385,1414
1415,183.185,183.1.1415,1415
1416,183.186,183.2.1416,1416
1417,183.187,183.3.1417,1417
1418,183.188,183.4.1418,1418
1419,183.189,183.5.1419,1419
1420,183.190,183.6.1420,1420
1424,184.191,184.1.1424,1421
1425,184.192,184.2.1425,1422
1426,184.193,184.3.1426,1423
1427,184.194,184.4.1427,1424
1428,184.195,184.5.1428,1425
1423,184.196,183.9.1423,1426
1429,185.197,185.1.1429,1427
1430,185.198,185.2.1430,1428
1431,185.199,185.3.1431,1429
1432,185.200,185.4.1432,1430
1433,185.201,185.5.1433,1431
1421,185.202,183.7.1421,1432
1434,186.203,186.1.1434,1433
1435,186.204,186.2.1435,1434
1436,186.205,186.3.1436,1435
1437,186.206,186.4.1437,1436
1438,186.207,186.5.1438,1437
1422,186.208,183.8.1422,1438
1439,187.209,187.1.1439,1439
1440,187.210,187.2.1440,1440
1441,187.211,187.3.1441,1441
1442,187.212,187.4.1442,1442
1443,187.213,187.5.1443,1443
1444,187.214,187.6.1444,1444
1446,188.215,188.1.1446,1445
1447,188.216,188.2.1447,1446
1448,188.217,188.3.1448,1447
1449,188.218,188.4.1449,1448
1450,188.219,188.5.1450,1449
1445,188.220,187.7.1445,1450
1451,189.221,189.1.1451,1451
1452,189.222,189.2.1452,1452
1453,189.223,189.3.1453,1453
1454,189.224,189.4.1454,1454
1455,189.225,189.5.1455,1455
1456,189.226,189.6.1456,1456
1458,190.227,190.1.1458,1457
1459,190.228,190.2.1459,1458
1460,190.229,190.3.1460,1459
1461,190.230,190.4.1461,1460
1462,190.231,190.5.1462,1461
1457,190.232,189.7.1457,1462
1463,191.233,191.1.1463,1463
1464,191.234,191.2.1464,1464
1465,191.235,191.3.1465,1465
1466,191.236,191.4.1466,1466
1467,191.237,191.5.1467,1467
1468,191.238,191.6.1468,1468
1469,191.239,191.7.1469,1469
1470,191.240,191.8.1470,1470
1471,191.241,191.9.1471,1471
1472,191.242,191.10.1472,1472
1476,192.243,192.1.1476,1473
1477,192.244,192.2.1477,1474
1478,192.245,192.3.1478,1475
1479,192.246,192.4.1479,1476
1480,192.247,192.5.1480,1477
1481,192.248,192.6.1481,1478
1482,192.249,192.7.1482,1479
1483,192.250,192.8.1483,1480
1484,192.251,192.9.1484,1481
1475,192.252,191.13.1475,1482
1485,193.253,193.1.1485,1483
1486,193.254,193.2.1486,1484
1487,193.255,193.3.1487,1485
1488,193.256,193.4.1488,1486
1489,193.257,193.5.1489,1487
1490,193.258,193.6.1490,1488
1491,193.259,193.7.1491,1489
1492,193.260,193.8.1492,1490
1493,193.261,193.9.1493,1491
1473,193.262,191.11.1473,1492
1494,194.263,194.1.1494,1493
1495,194.264,194.2.1495,1494
1496,194.265,194.3.1496,1495
1497,194.266,194.4.1497,1496
1498,194.267,194.5.1498,1497
1499,194.268,194.6.1499,1498
1500,194.269,194.7.1500,1499
1501,194.270,194.8.1501,1500
1502,194.271,194.9.1502,1501
1474,194.272,191.12.1474,1502
1503,195.1,195.1.1503,1503
1504,195.2,195.2.1504,1504
1510,195.3,197.3.1510,1505
1506,196.4,196.1.1506,1506
1507,196.5,196.2.1507,1507
1505,196.6,195.3.1505,1508
1508,197.7,197.1.1508,1509
1509,197.8,197.2.1509,1510
1511,198.9,198.1.1511,1511
1512,198.10,198.2.1512,1512
1515,198.11,199.3.1515,1513
1513,199.12,199.1.1513,1514
1514,199.13,199.2.1514,1515
1516,200.14,200.1.1516,1516
1517,200.15,200.2.1517,1517
1518,200.16,200.3.1518,1518
1533,200.17,204.4.1533,1519
1520,201.18,201.1.1520,1520
1521,201.19,201.2.1521,1521
1522,201.20,201.3.1522,1522
1534,201.21,204.5.1534,1523
1524,202.22,202.1.1524,1524
1525,202.23,202.2.1525,1525
1526,202.24,202.3.1526,1526
1519,202.25,200.4.1519,1527
1527,203.26,203.1.1527,1528
1528,203.27,203.2.1528,1529
1529,203.28,203.3.1529,1530
1523,203.29,201.4.1523,1531
1530,204.30,204.1.1530,1532
1531,204.31,204.2.1531,1533
1532,204.32,204.3.1532,1534
1535,205.33,205.1.1535,1535
1536,205.34,205.2.1536,1536
1537,205.35,205.3.1537,1537
1541,205.36,206.4.1541,1538
1538,206.37,206.1.1538,1539
1539,206.38,206.2.1539,1540
1540,206.39,206.3.1540,1541
1542,207.40,207.1.1542,1542
1543,207.41,207.2.1543,1543
1544,207.42,207.3.1544,1544
1559,207.43,211.4.1559,1545
1546,208.44,208.1.1546,1546
1547,208.45,208.2.1547,1547
1548,208.46,208.3.1548,1548
1560,208.47,211.5.1560,1549
1550,209.48,209.1.1550,1550
1551,209.49,209.2.1551,1551
1552,209.50,209.3.1552,1552
1545,209.51,207.4.1545,1553
1553,210.52,210.1.1553,1554
1554,210.53,210.2.1554,1555
1555,210.54,210.3.1555,1556
1549,210.55,208.4.1549,1557
1556,211.56,211.1.1556,1558
1557,211.57,211.2.1557,1559
1558,211.58,211.3.1558,1560
1561,212.59,212.1.1561,1561
1562,212.60,212.2.1562,1562
1563,212.61,212.3.1563,1563
1570,212.62,214.4.1570,1564
1564,213.63,213.1.1564,1565
1565,213.64,213.2.1565,1566
1566,213.65,213.3.1566,1567
1571,213.66,214.5.1571,1568
1567,214.67,214.1.1567,1569
1568,214.68,214.2.1568,1570
1569,214.69,214.3.1569,1571
1572,215.70,215.1.1572,1572
1573,215.71,215.2.1573,1573
1574,215.72,215.3.1574,1574
1583,215.73,217.4.1583,1575
1577,216.74,216.1.1577,1576
1578,216.75,216.2.1578,1577
1579,216.76,216.3.1579,1578
1575,216.77,215.4.1575,1579
1580,217.78,217.1.1580,1580
1581,217.79,217.2.1581,1581
1582,217.80,217.3.1582,1582
1585,218.81,218.1.1585,1583
1586,218.82,218.2.1586,1584
1587,218.83,218.3.1587,1585
1584,218.84,217.5.1584,1586
1588,219.85,219.1.1588,1587
1589,219.86,219.2.1589,1588
1590,219.87,219.3.1590,1589
1576,219.88,215.5.1576,1590
1591,220.89,220.1.1591,1591
1592,220.90,220.2.1592,1592
1593,220.91,220.3.1593,1593
1594,221.92,221.1.1594,1594
1595,221.93,221.2.1595,1595
1596,221.94,221.3.1596,1596
1597,221.95,221.4.1597,1597
1598,221.96,221.5.1598,1598
1643,221.97,229.6.1643,1599
1601,222.98,222.1.1601,1600
1602,222.99,222.2.1602,1601
1603,222.100,222.3.1603,1602
1604,222.101,222.4.1604,1603
1605,222.102,222.5.1605,1604
1646,222.103,229.9.1646,1605
1606,223.104,223.1.1606,1606
1607,223.105,223.2.1607,1607
1608,223.106,223.3.1608,1608
1609,223.107,223.4.1609,1609
1610,223.108,223.5.1610,1610
1645,223.109,229.8.1645,1611
1611,224.110,224.1.1611,1612
1612,224.111,224.2.1612,1613
1613,224.112,224.3.1613,1614
1614,224.113,224.4.1614,1615
1615,224.114,224.5.1615,1616
1644,224.115,229.7.1644,1617
1618,225.116,225.1.1618,1618
1619,225.117,225.2.1619,1619
1620,225.118,225.3.1620,1620
1621,225.119,225.4.1621,1621
1622,225.120,225.5.1622,1622
1599,225.121,221.6.1599,1623
1623,226.122,226.1.1623,1624
1624,226.123,226.2.1624,1625
1625,226.124,226.3.1625,1626
1626,226.125,226.4.1626,1627
1627,226.126,226.5.1627,1628
1600,226.127,221.7.1600,1629
1628,227.128,227.1.1628,1630
1629,227.129,227.2.1629,1631
1630,227.130,227.3.1630,1632
1631,227.131,227.4.1631,1633
1632,227.132,227.5.1632,1634
1616,227.133,224.6.1616,1635
1633,228.134,228.1.1633,1636
1634,228.135,228.2.1634,1637
1635,228.136,228.3.1635,1638
1636,228.137,228.4.1636,1639
1637,228.138,228.5.1637,1640
1617,228.139,224.7.1617,1641
1638,229.140,229.1.1638,1642
1639,229.141,229.2.1639,1643
1640,229.142,229.3.1640,1644
1641,229.143,229.4.1641,1645
1642,229.144,229.5.1642,1646
1647,230.145,230.1.1647,1647
1648,230.146,230.2.1648,1648
1649,230.147,230.3.1649,1649
1650,230.148,230.4.1650,1650
1651,230.149,230.5.1651,1651
